Date,Open,High,Low,Last,Close,Total Trade Quantity,Turnover (Lacs)
2013-12-31,1551.45,1589.0,1551.45,1580.0,1581.25,25680.0,403.9
2014-01-01,1560.0,1615.0,1560.0,1567.8,1570.3,11995.0,190.45
2014-01-02,1570.5,1580.05,1558.8,1574.0,1569.2,6973.0,109.29
2014-01-03,1571.8,1604.0,1538.65,1604.0,1555.5,51282.0,798.43
2014-01-06,1571.15,1580.0,1530.1,1550.0,1551.45,47696.0,741.68
2014-01-07,1555.25,1571.9,1545.3,1547.0,1554.05,22539.0,350.34
2014-01-08,1560.75,1560.75,1545.0,1555.0,1555.45,17568.0,273.17
2014-01-09,1546.1,1557.8,1537.0,1551.0,1550.35,31882.0,493.75
2014-01-10,1559.8,1564.5,1549.15,1561.9,1560.55,21839.0,339.79
2014-01-13,1561.05,1571.8,1555.15,1571.8,1565.9,14456.0,226.25
2014-01-14,1569.95,1569.95,1550.1,1552.25,1553.05,3660.0,57.1
2014-01-15,1554.0,1569.8,1532.0,1558.0,1554.9,63626.0,990.55
2014-01-16,1555.0,1604.0,1548.8,1575.0,1584.05,36055.0,566.39
2014-01-17,1568.0,1584.0,1535.0,1570.1,1573.75,19083.0,299.15
2014-01-20,1580.0,1594.0,1551.05,1568.7,1569.5,9000.0,141.67
2014-01-21,1570.0,1600.0,1567.8,1595.0,1596.85,11414.0,181.22
2014-01-22,1601.0,1610.0,1565.15,1584.0,1573.5,10618.0,167.37
2014-01-23,1585.0,1585.0,1550.1,1570.0,1574.35,6934.0,108.79
2014-01-24,1584.9,1584.9,1534.3,1554.0,1550.55,17340.0,268.2
2014-01-27,1545.0,1545.0,1472.0,1512.0,1491.75,16899.0,253.12
2014-01-28,1476.85,1548.0,1475.0,1531.0,1535.75,23832.0,358.07
2014-01-29,1545.0,1558.65,1496.2,1507.0,1512.2,4131.0,63.2
2014-01-30,1485.95,1508.8,1485.0,1495.0,1498.4,50680.0,756.57
2014-01-31,1500.55,1555.0,1500.0,1539.0,1531.15,7348.0,111.45
2014-02-03,1544.0,1544.0,1482.05,1495.5,1492.4,9839.0,146.94
2014-02-04,1512.85,1524.3,1475.0,1480.0,1481.3,5159.0,77.14
2014-02-05,1489.4,1510.0,1475.5,1486.5,1484.3,4978.0,74.58
2014-02-06,1515.0,1515.0,1475.95,1479.95,1483.15,13154.0,196.85
2014-02-07,1499.95,1501.0,1480.05,1486.1,1493.9,3056.0,45.7
2014-02-10,1502.0,1519.95,1478.05,1495.0,1485.75,3291.0,48.96
2014-02-11,1498.95,1500.0,1460.0,1463.9,1465.6,1682.0,24.82
2014-02-12,1480.0,1495.0,1470.25,1494.0,1481.9,11936.0,176.49
2014-02-13,1467.15,1498.9,1467.15,1489.0,1482.2,8386.0,124.5
2014-02-14,1482.25,1495.0,1461.0,1470.0,1475.4,3107.0,45.95
2014-02-17,1475.05,1512.4,1475.05,1506.0,1503.85,15060.0,226.03
2014-02-18,1551.0,1578.0,1506.0,1560.0,1557.45,85356.0,1320.97
2014-02-19,1551.05,1551.05,1534.8,1540.0,1540.2,7453.0,114.86
2014-02-20,1545.0,1547.8,1493.2,1496.4,1512.3,7910.0,120.49
2014-02-21,1505.1,1540.0,1501.05,1521.0,1529.65,10910.0,166.2
2014-02-24,1529.7,1550.0,1516.35,1529.8,1526.3,5861.0,89.99
2014-02-25,1512.0,1556.0,1512.0,1550.25,1553.35,59585.0,923.07
2014-02-26,1560.0,1565.0,1525.5,1549.95,1547.9,8926.0,138.61
2014-02-28,1555.0,1585.0,1549.95,1575.05,1571.5,16071.0,251.57
2014-03-03,1578.95,1594.0,1565.05,1582.15,1588.95,150684.0,2395.6
2014-03-04,1572.0,1590.0,1572.0,1585.0,1585.1,8819.0,139.76
2014-03-05,1585.0,1596.8,1550.0,1550.0,1557.6,18326.0,290.23
2014-03-06,1562.1,1647.05,1561.0,1610.0,1616.4,53133.0,855.72
2014-03-07,1620.05,1645.0,1586.6,1640.0,1636.7,46824.0,764.08
2014-03-10,1636.7,1675.0,1622.7,1670.0,1672.1,69025.0,1148.85
2014-03-11,1670.75,1713.05,1669.15,1699.8,1694.7,30364.0,514.53
2014-03-12,1696.0,1708.8,1685.0,1685.0,1690.75,9448.0,160.61
2014-03-13,1725.0,1725.0,1630.0,1645.0,1647.05,10256.0,170.77
2014-03-14,1650.0,1670.0,1635.5,1655.0,1655.8,11893.0,196.6
2014-03-18,1650.0,1680.0,1641.05,1680.0,1670.2,13630.0,225.69
2014-03-19,1650.35,1680.95,1645.8,1670.0,1669.2,31105.0,517.73
2014-03-20,1670.0,1672.8,1650.0,1650.0,1651.95,70441.0,1175.75
2014-03-21,1653.05,1680.8,1653.0,1680.8,1673.3,19930.0,332.65
2014-03-22,1680.0,1689.0,1680.0,1682.2,1684.5,456.0,7.67
2014-03-24,1684.0,1695.8,1650.0,1651.0,1656.95,10769.0,181.09
2014-03-25,1653.05,1684.8,1650.7,1675.0,1660.4,78257.0,1299.1
2014-03-26,1684.75,1684.8,1655.0,1655.0,1659.95,53356.0,895.3
2014-03-27,1660.05,1704.8,1650.0,1680.0,1697.9,36923.0,621.39
2014-03-28,1681.85,1824.8,1681.85,1767.2,1797.7,87170.0,1543.52
2014-03-31,1800.0,1815.0,1765.0,1790.05,1791.0,26865.0,480.54
2014-04-01,1790.0,1798.8,1730.3,1768.0,1777.45,47653.0,848.89
2014-04-02,1800.0,1800.0,1741.05,1753.0,1751.5,26698.0,469.45
2014-04-03,1718.05,1755.0,1661.6,1749.9,1745.75,48068.0,828.52
2014-04-04,1742.0,1772.95,1727.05,1749.1,1758.4,14021.0,244.94
2014-04-07,1763.9,1789.8,1760.0,1773.8,1767.9,9184.0,162.81
2014-04-09,1765.0,1792.75,1747.05,1751.8,1756.25,42708.0,757.69
2014-04-10,1744.05,1816.0,1744.05,1790.0,1786.1,164944.0,2940.87
2014-04-11,1790.0,1805.0,1760.0,1765.0,1762.4,13976.0,249.66
2014-04-15,1766.0,1779.45,1746.0,1763.9,1757.75,18332.0,322.2
2014-04-16,1764.05,1790.0,1757.05,1776.0,1772.7,93398.0,1653.68
2014-04-17,1780.0,1788.5,1760.0,1761.0,1767.2,85376.0,1515.31
2014-04-21,1763.0,1799.9,1757.0,1774.65,1768.95,70161.0,1245.05
2014-04-22,1776.0,1788.0,1754.4,1764.05,1765.15,165329.0,2927.09
2014-04-23,1766.05,1851.0,1766.0,1851.0,1826.75,50048.0,907.31
2014-04-25,1848.35,1848.35,1786.6,1814.5,1813.0,22664.0,409.74
2014-04-28,1839.3,1860.0,1802.0,1848.55,1856.8,19005.0,349.25
2014-04-29,1841.3,1878.9,1826.45,1874.2,1872.55,29549.0,547.78
2014-04-30,1869.0,1889.9,1828.0,1862.8,1869.9,47110.0,882.24
2014-05-02,1898.0,1898.0,1870.0,1877.8,1877.8,8558.0,160.75
2014-05-05,1875.0,1881.75,1858.85,1871.8,1878.15,6424.0,120.55
2014-05-06,1851.0,1889.9,1851.0,1880.0,1879.1,83204.0,1564.06
2014-05-07,1860.3,1885.8,1860.3,1880.0,1883.85,89363.0,1680.79
2014-05-08,1866.25,1890.05,1866.25,1890.0,1889.0,9557.0,180.29
2014-05-09,1888.6,1905.0,1881.8,1900.0,1901.7,25126.0,476.78
2014-05-12,1896.85,1921.95,1853.0,1900.0,1900.1,92856.0,1764.48
2014-05-13,1918.0,1918.0,1831.1,1861.5,1879.85,50577.0,946.12
2014-05-14,1879.95,1900.0,1785.0,1793.95,1805.9,40484.0,746.26
2014-05-15,1810.0,1810.0,1705.0,1735.0,1735.65,93181.0,1632.61
2014-05-16,1770.0,1800.0,1750.0,1775.0,1771.35,59668.0,1061.21
2014-05-19,1773.0,1819.95,1773.0,1792.35,1799.9,144382.0,2603.31
2014-05-20,1810.35,1818.25,1770.0,1784.0,1780.25,65441.0,1175.53
2014-05-21,1813.95,1848.95,1787.8,1845.0,1840.95,39736.0,722.42
2014-05-22,1850.0,2070.0,1840.95,2065.0,2043.55,147965.0,2918.97
2014-05-23,2070.0,2070.0,2005.5,2018.0,2027.85,28478.0,578.69
2014-05-26,2067.0,2090.0,1940.0,2011.0,2005.85,45041.0,918.99
2014-05-27,1950.0,2025.0,1950.0,1967.85,1978.3,54530.0,1093.19
2014-05-28,2014.8,2014.8,1915.0,1946.0,1945.75,30624.0,596.11
2014-05-29,1930.1,1994.8,1930.1,1990.0,1989.45,8622.0,170.46
2014-05-30,2008.0,2039.8,1970.0,2025.0,2020.85,33522.0,671.93
2014-06-02,2035.8,2100.0,2008.7,2070.0,2083.75,41042.0,851.27
2014-06-03,2092.25,2230.0,2089.85,2099.0,2113.75,37621.0,807.95
2014-06-04,2149.0,2155.05,2060.2,2111.1,2113.55,10992.0,233.54
2014-06-05,2113.0,2200.0,2060.0,2199.0,2183.55,23480.0,500.67
2014-06-06,2200.0,2200.0,2116.6,2140.0,2146.75,67235.0,1450.55
2014-06-09,2199.0,2199.0,2115.0,2150.0,2149.1,61615.0,1324.14
2014-06-10,2152.75,2152.75,2079.3,2145.0,2112.05,30107.0,634.08
2014-06-11,2115.85,2145.6,2011.85,2021.0,2040.95,28239.0,581.57
2014-06-12,2000.0,2120.8,1954.4,2068.0,2060.5,101223.0,2087.85
2014-06-13,2098.9,2098.9,1995.0,2005.0,2025.3,37292.0,763.99
2014-06-16,2068.9,2068.9,1975.3,1994.85,1993.95,39380.0,786.72
2014-06-17,1992.95,1995.0,1905.65,1965.05,1967.65,81116.0,1591.64
2014-06-18,1985.0,2148.8,1967.65,2138.0,2114.0,36124.0,747.29
2014-06-19,2122.0,2144.95,2070.05,2093.5,2099.15,21758.0,456.38
2014-06-20,2078.2,2105.0,2052.2,2057.5,2072.6,28770.0,597.78
2014-06-23,2062.0,2093.95,2051.25,2060.0,2060.25,6657.0,137.66
2014-06-24,2040.05,2074.0,2030.0,2039.95,2032.9,45133.0,922.97
2014-06-25,2045.0,2057.55,1993.0,2029.9,2011.95,29161.0,589.2
2014-06-26,2062.0,2062.0,1996.0,2010.0,2005.1,31365.0,633.18
2014-06-27,2019.95,2021.8,1981.0,1992.0,1999.3,30556.0,611.6
2014-06-30,2010.0,2029.0,1995.0,1995.0,2006.55,16539.0,332.0
2014-07-01,2024.0,2024.0,2000.0,2005.0,2009.65,46882.0,942.15
2014-07-02,2010.0,2118.9,2010.0,2110.0,2099.9,61918.0,1290.38
2014-07-03,2086.0,2189.5,2080.0,2177.95,2175.6,55659.0,1197.06
2014-07-04,2132.0,2335.0,2132.0,2334.0,2271.0,41655.0,928.33
2014-07-07,2316.95,2367.95,2210.0,2221.95,2221.85,32221.0,730.88
2014-07-08,2260.0,2260.0,2135.0,2142.0,2143.75,19235.0,424.9
2014-07-09,2165.0,2280.0,2135.1,2150.0,2180.15,23079.0,511.96
2014-07-10,2184.9,2256.35,2062.2,2198.0,2198.1,39979.0,861.79
2014-07-11,2185.95,2237.0,2105.05,2145.0,2126.75,11229.0,244.44
2014-07-14,2156.75,2215.0,2130.0,2141.5,2142.15,13150.0,284.88
2014-07-15,2151.0,2213.0,2151.0,2185.0,2196.55,31069.0,682.38
2014-07-16,2229.5,2237.0,2171.1,2190.0,2189.05,44870.0,986.3
2014-07-17,2215.0,2229.0,2191.0,2198.9,2199.5,26461.0,582.64
2014-07-18,2217.95,2217.95,2150.35,2180.05,2183.8,28811.0,628.95
2014-07-21,2188.0,2215.85,2165.0,2173.8,2175.25,28857.0,633.0
2014-07-22,2166.25,2244.95,2165.0,2216.75,2231.25,13777.0,304.75
2014-07-23,2247.0,2256.5,2210.0,2237.0,2242.05,13248.0,296.29
2014-07-24,2247.45,2298.8,2240.0,2297.0,2285.8,40840.0,924.28
2014-07-25,2299.9,2320.5,2202.5,2290.0,2293.05,73714.0,1692.0
2014-07-28,2240.0,2276.0,2210.05,2220.0,2226.3,17339.0,386.74
2014-07-30,2220.0,2260.0,2201.05,2208.0,2213.55,35373.0,786.46
2014-07-31,2213.45,2240.0,2185.0,2210.0,2192.4,48632.0,1074.02
2014-08-01,2225.0,2255.0,2171.15,2210.0,2198.3,17560.0,389.04
2014-08-04,2249.95,2249.95,2185.0,2185.05,2194.2,12185.0,269.14
2014-08-05,2185.0,2219.0,2180.2,2209.8,2206.7,21469.0,472.45
2014-08-06,2190.05,2210.0,2182.0,2185.0,2187.05,8090.0,177.36
2014-08-07,2172.0,2210.0,2161.0,2185.0,2190.45,74796.0,1633.66
2014-08-08,2190.0,2250.0,2150.05,2225.0,2203.95,19576.0,426.72
2014-08-11,2200.0,2288.0,2200.0,2250.0,2249.35,23614.0,531.88
2014-08-12,2278.0,2295.0,2236.6,2255.0,2276.8,82848.0,1887.69
2014-08-13,2254.0,2308.0,2249.55,2252.8,2253.6,13336.0,304.12
2014-08-14,2232.0,2303.8,2232.0,2243.0,2259.7,44247.0,1003.45
2014-08-18,2291.9,2293.0,2245.0,2278.85,2276.3,12121.0,275.86
2014-08-19,2257.15,2299.45,2250.1,2270.0,2272.6,24772.0,566.01
2014-08-20,2296.5,2296.5,2273.05,2285.0,2284.95,105049.0,2399.69
2014-08-21,2280.5,2360.0,2280.5,2330.0,2332.3,20008.0,465.94
2014-08-22,2320.0,2385.0,2320.0,2374.0,2374.6,14592.0,344.82
2014-08-25,2345.55,2430.0,2345.55,2397.0,2398.3,19935.0,479.13
2014-08-26,2405.0,2420.0,2385.0,2415.0,2414.95,12800.0,308.11
2014-08-27,2420.0,2490.0,2420.0,2480.0,2475.55,47648.0,1176.79
2014-08-28,2450.8,2475.8,2450.8,2475.0,2471.4,140133.0,3456.77
2014-09-01,2472.0,2478.0,2400.5,2417.85,2437.15,26902.0,659.49
2014-09-02,2437.0,2459.8,2420.0,2427.0,2429.25,8818.0,215.2
2014-09-03,2427.0,2494.5,2420.0,2490.0,2486.05,28719.0,707.42
2014-09-04,2465.0,2490.0,2405.1,2442.0,2444.3,27026.0,661.03
2014-09-05,2430.0,2469.0,2401.0,2442.0,2437.0,11566.0,281.7
2014-09-08,2459.95,2598.6,2420.0,2560.0,2576.0,31151.0,784.36
2014-09-09,2590.0,2648.0,2550.0,2598.0,2612.55,30466.0,793.58
2014-09-10,2621.9,2645.0,2547.3,2569.7,2568.35,10084.0,262.59
2014-09-11,2584.6,2636.0,2548.0,2601.0,2599.1,17198.0,448.58
2014-09-12,2634.0,2634.0,2599.95,2622.2,2622.1,11824.0,309.96
2014-09-15,2620.0,2639.95,2555.0,2570.0,2575.65,28135.0,726.72
2014-09-16,2617.0,2617.0,2555.0,2560.1,2571.55,21761.0,561.51
2014-09-17,2571.55,2594.0,2458.7,2510.3,2480.6,16470.0,415.52
2014-09-18,2546.0,2620.0,2456.2,2563.0,2550.8,14589.0,370.98
2014-09-19,2574.0,2712.8,2545.0,2695.15,2687.6,38170.0,1015.11
2014-09-22,2661.0,2719.9,2645.45,2699.8,2682.35,16877.0,452.05
2014-09-23,2682.35,2705.9,2620.0,2665.0,2645.35,7568.0,201.15
2014-09-24,2671.4,2671.45,2580.0,2585.0,2612.15,7947.0,208.09
2014-09-25,2620.3,2640.0,2499.0,2511.0,2525.4,25251.0,643.46
2014-09-26,2500.0,2570.0,2492.0,2545.8,2556.95,37112.0,942.26
2014-09-29,2521.0,2676.7,2521.0,2672.0,2653.65,5808.0,152.51
2014-09-30,2653.65,2750.0,2652.95,2727.0,2721.3,53725.0,1463.2
2014-10-01,2721.0,2810.0,2674.35,2764.8,2770.05,63497.0,1759.62
2014-10-07,2794.0,2797.35,2654.0,2700.0,2683.8,48991.0,1324.36
2014-10-08,2700.8,2727.2,2670.55,2700.0,2701.4,13412.0,362.19
2014-10-09,2750.0,2795.1,2705.0,2773.0,2770.7,43622.0,1209.58
2014-10-10,2780.0,2780.0,2705.05,2730.0,2731.7,27496.0,756.18
2014-10-13,2700.0,2788.0,2675.0,2690.0,2687.3,8530.0,230.58
2014-10-14,2721.0,2787.0,2700.0,2700.0,2727.7,62914.0,1729.64
2014-10-16,2707.9,2724.95,2625.0,2635.0,2640.2,49738.0,1326.25
2014-10-17,2665.95,2670.0,2539.0,2569.0,2565.7,22943.0,590.94
2014-10-20,2604.0,2624.95,2537.95,2590.0,2587.9,11099.0,286.49
2014-10-21,2599.0,2660.0,2580.05,2660.0,2643.75,14642.0,382.71
2014-10-22,2644.05,2712.0,2644.05,2690.05,2698.25,7484.0,201.21
2014-10-23,2723.9,2735.0,2709.95,2725.2,2726.35,2951.0,80.43
2014-10-27,2732.0,2883.85,2727.0,2840.0,2841.9,48339.0,1350.17
2014-10-28,2816.6,2867.8,2800.0,2800.0,2816.65,13263.0,376.17
2014-10-29,2811.85,2839.0,2718.15,2733.0,2745.35,96538.0,2665.0
2014-10-30,2721.0,2810.0,2721.0,2792.05,2795.05,12378.0,345.55
2014-10-31,2809.85,2838.0,2780.0,2780.0,2808.5,32179.0,902.6
2014-11-03,2840.0,2840.0,2731.6,2790.0,2789.7,29150.0,810.64
2014-11-05,2831.0,2870.0,2770.05,2850.0,2854.25,29145.0,818.16
2014-11-07,2869.95,2999.0,2835.0,2865.05,2883.15,60398.0,1763.13
2014-11-10,2915.0,2915.0,2855.1,2899.9,2891.5,22917.0,657.81
2014-11-11,2866.0,2936.25,2866.0,2905.0,2897.25,12783.0,370.72
2014-11-12,2898.0,2999.0,2898.0,2994.0,2987.25,16641.0,491.53
2014-11-13,2995.6,3020.0,2960.0,2962.0,2985.65,12278.0,367.89
2014-11-14,2970.0,3018.0,2955.3,2980.0,2976.8,19765.0,591.88
2014-11-17,3018.0,3385.0,2977.0,3250.0,3278.05,58813.0,1879.69
2014-11-18,3251.0,3270.0,3160.6,3165.0,3167.75,20362.0,649.11
2014-11-19,3198.0,3208.0,3005.0,3040.0,3024.9,39993.0,1236.46
2014-11-20,3035.0,3125.0,2968.7,3119.5,3116.45,13607.0,420.02
2014-11-21,3130.0,3207.8,3086.0,3123.0,3095.6,15522.0,487.2
2014-11-24,3096.5,3199.0,3030.3,3044.0,3049.6,16068.0,495.99
2014-11-25,3070.05,3070.05,2955.1,3001.0,3005.6,25248.0,759.21
2014-11-26,3031.85,3050.0,2976.0,3018.0,3001.15,11026.0,331.92
2014-11-27,3009.05,3061.9,2980.05,3039.8,3045.5,11937.0,363.27
2014-11-28,3051.7,3110.0,3045.5,3094.8,3091.85,19299.0,595.25
2014-12-01,3101.9,3140.0,3032.1,3082.0,3087.15,45252.0,1398.79
2014-12-02,3056.3,3110.0,3036.3,3100.0,3095.1,16589.0,510.41
2014-12-03,3107.85,3144.95,3050.0,3090.05,3105.45,50160.0,1547.8
2014-12-04,3119.0,3157.0,3065.15,3120.0,3131.0,31140.0,968.87
2014-12-05,3100.1,3220.05,3100.1,3200.5,3199.8,18124.0,575.85
2014-12-08,3220.0,3280.0,3169.05,3249.95,3254.7,19947.0,649.64
2014-12-09,3269.0,3277.0,3225.0,3267.9,3251.45,13247.0,430.83
2014-12-10,3251.45,3276.0,3186.95,3190.0,3195.6,8466.0,271.23
2014-12-11,3195.6,3333.95,3162.05,3324.0,3302.5,27652.0,895.81
2014-12-12,3322.0,3335.7,3280.15,3310.0,3303.8,8403.0,278.03
2014-12-15,3300.0,3370.0,3248.75,3320.0,3343.35,11291.0,374.17
2014-12-16,3342.0,3342.0,3140.0,3150.0,3158.15,16290.0,522.31
2014-12-17,3178.0,3240.0,3100.05,3205.45,3200.75,15953.0,505.01
2014-12-18,3234.9,3375.0,3222.55,3285.0,3324.55,31914.0,1065.57
2014-12-19,3327.0,3346.0,3311.9,3335.0,3326.7,26948.0,897.24
2014-12-22,3308.0,3347.0,3265.0,3335.0,3329.2,14024.0,465.43
2014-12-23,3341.9,3515.0,3311.65,3473.0,3483.6,32966.0,1132.51
2014-12-24,3497.0,3497.0,3400.0,3441.0,3424.8,8869.0,304.5
2014-12-26,3420.0,3480.0,3396.0,3460.0,3459.4,6983.0,240.6
2014-12-29,3481.9,3519.0,3442.0,3470.0,3467.05,15774.0,547.59
2014-12-30,3464.05,3479.0,3422.25,3460.0,3459.15,11385.0,393.95
2014-12-31,3459.0,3535.95,3405.05,3530.0,3483.95,15853.0,548.51
2015-01-01,3483.95,3520.0,3465.0,3465.0,3499.7,7566.0,265.02
2015-01-02,3490.0,3520.0,3416.2,3448.0,3443.75,14043.0,490.94
2015-01-05,3465.0,3520.0,3411.0,3440.0,3434.75,14462.0,499.69
2015-01-06,3450.0,3485.0,3392.2,3425.0,3425.85,13781.0,473.75
2015-01-07,3403.75,3517.95,3403.75,3491.15,3495.6,10947.0,380.64
2015-01-08,3465.5,3518.8,3465.5,3481.0,3489.65,9686.0,338.26
2015-01-09,3481.0,3512.05,3441.0,3441.4,3450.05,17316.0,599.35
2015-01-12,3450.05,3510.0,3398.5,3451.2,3438.2,11774.0,405.87
2015-01-13,3440.1,3509.75,3423.05,3473.1,3483.0,14192.0,492.21
2015-01-14,3499.85,4138.0,3477.7,3750.0,3773.95,417593.0,15955.83
2015-01-15,3838.0,3984.7,3825.0,3850.0,3860.2,122320.0,4768.25
2015-01-16,3858.0,3979.0,3802.25,3936.0,3937.8,50862.0,1991.63
2015-01-19,3941.85,3980.0,3884.4,3899.5,3901.75,39899.0,1569.33
2015-01-20,3935.0,3940.2,3895.0,3900.0,3904.75,18676.0,732.09
2015-01-21,3930.7,3934.0,3800.1,3814.0,3817.4,56574.0,2166.34
2015-01-22,3844.5,3890.0,3806.0,3826.0,3840.65,12171.0,468.11
2015-01-23,3896.8,3896.8,3821.0,3870.0,3870.15,42418.0,1638.43
2015-01-27,3884.5,4325.0,3860.05,4152.2,4169.55,115995.0,4818.77
2015-01-28,4214.0,4492.4,4181.0,4280.0,4322.6,139405.0,6137.01
2015-01-29,4331.7,4344.95,4110.25,4120.0,4128.4,40716.0,1704.02
2015-01-30,4189.0,4260.25,4010.1,4044.0,4050.55,58987.0,2407.39
2015-02-02,4099.0,4229.95,4018.95,4150.5,4160.1,37656.0,1569.84
2015-02-03,4199.5,4255.0,4140.0,4175.0,4172.3,21049.0,881.66
2015-02-04,4199.85,4210.0,4054.3,4210.0,4107.2,28677.0,1175.35
2015-02-05,4148.45,4220.0,4055.1,4100.0,4130.5,38473.0,1572.62
2015-02-06,4130.5,4135.0,3971.0,4019.0,4042.5,33431.0,1350.47
2015-02-09,4042.5,4050.0,3965.0,4034.0,4007.0,9806.0,393.57
2015-02-10,4031.0,4050.0,3966.9,4004.0,4003.8,17287.0,692.94
2015-02-11,4048.0,4142.0,4005.55,4130.0,4112.35,25034.0,1015.59
2015-02-12,4120.0,4162.2,4064.05,4142.0,4126.25,19007.0,783.29
2015-02-13,4086.0,4205.0,4086.0,4175.0,4184.4,10420.0,434.15
2015-02-16,4398.85,4398.85,4184.4,4310.0,4306.25,33744.0,1456.32
2015-02-18,4388.0,4388.0,4206.55,4320.1,4319.0,29201.0,1252.39
2015-02-19,4322.05,4328.85,4201.0,4287.35,4309.45,28022.0,1199.9
2015-02-20,4290.05,4291.05,4130.0,4168.0,4191.2,57214.0,2404.98
2015-02-23,4160.0,4250.0,4137.35,4140.0,4162.55,11332.0,476.5
2015-02-24,4182.75,4190.0,4100.05,4116.0,4120.35,17074.0,703.91
2015-02-25,4156.6,4190.0,4060.0,4082.45,4081.5,56696.0,2314.62
2015-02-26,4097.0,4158.9,4070.0,4070.0,4096.85,19052.0,783.48
2015-02-27,4110.05,4159.9,4061.05,4100.5,4107.1,28081.0,1149.44
2015-02-28,4133.0,4467.0,4101.0,4375.0,4384.95,54319.0,2335.34
2015-03-02,4390.5,4444.0,4263.35,4351.5,4371.35,41684.0,1827.49
2015-03-03,4425.0,4477.0,4295.0,4315.0,4329.9,27537.0,1203.3
2015-03-04,4330.1,4399.0,4260.0,4295.0,4312.95,22214.0,962.39
2015-03-05,4286.8,4372.0,4274.75,4345.0,4341.85,12662.0,549.29
2015-03-09,4386.0,4386.0,4150.0,4230.0,4214.9,24867.0,1049.27
2015-03-10,4250.0,4299.0,4146.9,4168.0,4182.5,14629.0,618.13
2015-03-11,4202.0,4207.4,4090.0,4180.0,4132.7,13208.0,546.07
2015-03-12,4140.0,4225.0,4111.05,4125.1,4139.5,12405.0,514.41
2015-03-13,4180.0,4206.45,4079.95,4100.0,4107.6,25445.0,1049.68
2015-03-16,4154.0,4154.0,3993.0,4011.0,4005.1,77269.0,3129.83
2015-03-17,4030.0,4120.0,4012.1,4048.6,4033.9,31195.0,1270.86
2015-03-18,4040.1,4110.0,4001.15,4033.45,4048.05,40202.0,1626.08
2015-03-19,4056.0,4106.15,4025.0,4059.0,4035.5,19641.0,794.6
2015-03-20,4075.0,4149.0,3901.15,4035.0,4020.5,35210.0,1418.49
2015-03-23,4043.0,4043.0,3961.15,3985.0,3993.0,45459.0,1811.29
2015-03-24,4000.0,4040.0,3932.05,3950.0,3968.05,22091.0,880.92
2015-03-25,3951.25,3970.0,3921.0,3945.0,3948.2,22256.0,877.48
2015-03-26,3950.0,4030.0,3938.0,3950.1,3956.55,20055.0,802.11
2015-03-27,3980.0,3999.95,3942.0,3960.0,3961.65,14884.0,589.82
2015-03-30,3999.0,4070.0,3961.65,3999.0,3999.65,24345.0,974.4
2015-03-31,4031.0,4199.0,3989.9,4120.0,4108.45,37701.0,1527.22
2015-04-01,4158.0,4158.0,4062.2,4110.1,4140.05,12923.0,533.37
2015-04-06,4158.0,4274.0,4155.0,4245.1,4240.85,12749.0,535.44
2015-04-07,4275.0,4365.0,4210.3,4350.0,4341.2,18449.0,785.25
2015-04-08,4341.15,4530.0,4285.6,4484.0,4489.2,18824.0,833.36
2015-04-09,4542.0,4699.0,4400.1,4530.0,4504.65,53518.0,2412.9
2015-04-10,4530.0,4598.0,4478.8,4520.05,4522.1,32451.0,1471.54
2015-04-13,4522.1,4522.1,4420.0,4455.0,4453.75,30082.0,1338.27
2015-04-15,4455.0,4489.75,4377.0,4442.0,4456.0,38327.0,1691.13
2015-04-16,4472.25,4605.0,4375.0,4590.0,4584.95,10448.0,469.43
2015-04-17,4579.95,4605.05,4441.3,4533.0,4529.45,18722.0,842.4
2015-04-20,4472.85,4594.0,4438.7,4550.0,4558.25,19099.0,863.64
2015-04-21,4505.0,4550.0,4139.3,4373.4,4373.4,125738.0,5429.55
2015-04-22,4310.05,4399.0,4192.0,4282.9,4279.9,17256.0,738.65
2015-04-23,4241.0,4338.65,4241.0,4267.55,4274.65,77224.0,3297.87
2015-04-24,4212.2,4260.0,4120.0,4144.0,4139.9,28969.0,1214.75
2015-04-27,4214.0,4214.0,3975.0,3990.0,3995.2,41701.0,1694.47
2015-04-28,3913.5,4198.95,3913.5,3984.8,4007.8,20846.0,836.52
2015-04-29,4077.0,4077.0,3955.05,4022.5,3989.5,63498.0,2530.71
2015-04-30,3984.1,4200.0,3951.0,4010.0,4044.3,49036.0,1955.31
2015-05-04,4054.9,4250.0,3919.6,4220.0,4192.65,32587.0,1333.46
2015-05-05,4260.0,4395.0,4250.0,4270.0,4290.15,32021.0,1387.9
2015-05-06,4324.9,4370.25,4119.45,4269.0,4285.4,16213.0,686.69
2015-05-07,4359.0,4359.0,4090.1,4160.0,4180.55,12177.0,511.14
2015-05-08,4145.2,4350.0,4145.2,4345.0,4344.45,20226.0,864.16
2015-05-11,4331.9,4450.0,4300.55,4325.0,4347.1,15011.0,655.97
2015-05-12,4364.85,4390.0,4270.05,4355.1,4341.5,11689.0,507.0
2015-05-13,4355.95,4409.95,4311.0,4328.5,4327.1,17550.0,763.88
2015-05-14,4374.5,4420.0,4335.8,4401.0,4384.7,27719.0,1214.01
2015-05-15,4394.55,4499.0,4392.05,4470.0,4483.9,17808.0,793.65
2015-05-18,4500.0,4549.0,4440.05,4455.2,4460.55,15292.0,685.92
2015-05-19,4498.95,4541.9,4437.55,4485.15,4481.55,14072.0,632.57
2015-05-20,4524.8,4535.0,4392.6,4475.0,4498.75,82763.0,3702.64
2015-05-21,4519.9,4600.0,4473.0,4570.0,4577.0,48428.0,2196.43
2015-05-22,4588.0,4597.8,4490.0,4509.8,4507.0,16453.0,747.25
2015-05-25,4500.0,4549.75,4441.55,4505.0,4503.35,20500.0,922.42
2015-05-26,4529.4,4585.0,4450.1,4493.9,4483.3,37202.0,1672.94
2015-05-27,4466.3,4513.0,4305.7,4401.0,4411.6,42730.0,1871.93
2015-05-28,4411.6,4499.95,4355.0,4439.0,4424.2,19935.0,877.66
2015-05-29,4499.0,4589.0,4115.7,4275.0,4216.55,236313.0,10106.18
2015-06-01,4280.0,4412.0,4247.5,4394.0,4379.9,40382.0,1759.53
2015-06-02,4441.0,4441.0,4247.5,4299.0,4284.7,26724.0,1152.77
2015-06-03,4220.0,4365.7,4170.0,4365.7,4324.85,25933.0,1103.48
2015-06-04,4329.3,4380.0,4208.25,4331.0,4352.25,17217.0,743.72
2015-06-05,4370.0,4495.0,4300.0,4450.05,4450.65,32940.0,1460.23
2015-06-08,4509.8,4509.8,4405.1,4446.0,4472.7,24255.0,1081.2
2015-06-09,4411.5,4619.0,4400.1,4540.0,4582.35,56110.0,2529.17
2015-06-10,4554.0,4595.0,4505.0,4568.0,4553.2,22798.0,1037.35
2015-06-11,4600.0,4772.0,4526.4,4650.0,4665.3,85942.0,4012.41
2015-06-12,4665.0,4714.1,4509.0,4651.0,4676.45,38900.0,1815.89
2015-06-15,4681.25,4732.8,4654.0,4705.0,4715.3,26787.0,1259.68
2015-06-16,4715.0,4720.0,4635.15,4696.5,4700.15,22336.0,1043.68
2015-06-17,4702.5,4790.0,4696.8,4765.5,4776.2,98150.0,4674.35
2015-06-18,4776.2,4918.0,4776.2,4904.0,4902.9,81039.0,3951.15
2015-06-19,4904.0,5240.8,4904.0,5160.4,5158.05,78630.0,3960.88
2015-06-22,5200.0,5449.0,5142.05,5390.0,5386.3,129561.0,6936.29
2015-06-23,5418.0,5418.0,5245.05,5320.0,5319.1,54004.0,2879.66
2015-06-24,5325.0,5369.95,5225.0,5240.0,5253.7,106920.0,5700.94
2015-06-25,5258.0,5400.0,5160.0,5400.0,5384.9,74458.0,3934.47
2015-06-26,5384.0,5499.0,5300.0,5434.9,5435.75,67225.0,3654.03
2015-06-29,5230.05,5470.0,5221.1,5450.0,5455.35,59343.0,3219.46
2015-06-30,5406.0,5460.0,5380.0,5448.0,5443.4,28556.0,1552.48
2015-07-01,5450.0,5565.05,5430.0,5484.9,5498.2,57510.0,3162.86
2015-07-02,5500.0,5582.0,5411.0,5452.0,5450.6,49489.0,2725.9
2015-07-03,5455.1,5590.0,5455.1,5560.0,5561.1,52199.0,2898.43
2015-07-06,5511.0,5625.05,5459.95,5555.0,5564.25,50630.0,2826.5
2015-07-07,5618.5,5660.0,5532.15,5575.0,5558.0,51124.0,2865.42
2015-07-08,5555.0,5569.9,5177.5,5225.0,5225.9,122730.0,6546.82
2015-07-09,5207.0,5269.9,4970.6,5028.0,5021.35,188502.0,9525.88
2015-07-10,5003.0,5078.6,4951.2,5040.0,5024.7,66915.0,3345.99
2015-07-13,5050.0,5140.0,5040.25,5135.0,5095.35,95737.0,4870.69
2015-07-14,5101.2,5124.0,5000.0,5079.95,5082.25,66453.0,3372.84
2015-07-15,5087.45,5179.0,5082.25,5157.0,5157.75,47920.0,2464.68
2015-07-16,5170.0,5282.75,5165.0,5229.8,5248.9,72168.0,3785.47
2015-07-17,5241.8,5308.95,5160.0,5165.15,5178.85,80841.0,4235.83
2015-07-20,5219.8,5268.5,5113.15,5155.0,5171.5,29417.0,1523.86
2015-07-21,5170.0,5229.45,5082.0,5097.15,5106.75,42752.0,2210.22
2015-07-22,5170.0,5210.0,4975.5,5130.2,5131.3,185406.0,9472.07
2015-07-23,5170.0,5225.0,5100.0,5143.0,5140.2,91679.0,4730.44
2015-07-24,5150.0,5210.0,5136.0,5171.6,5170.1,30664.0,1588.36
2015-07-27,5170.0,5250.55,5100.75,5238.0,5228.2,71681.0,3737.34
2015-07-28,5230.0,5358.7,5224.95,5330.45,5339.35,80626.0,4300.32
2015-07-29,5369.5,5500.0,5341.2,5438.15,5439.55,55178.0,3009.69
2015-07-30,5445.0,5499.55,5366.9,5430.1,5440.6,36168.0,1966.18
2015-07-31,5405.0,5547.3,5380.55,5475.0,5511.3,62965.0,3437.48
2015-08-03,5524.9,5700.0,5455.0,5690.0,5682.35,41708.0,2345.64
2015-08-04,5700.0,5708.0,5501.35,5620.0,5626.9,45638.0,2561.76
2015-08-05,5650.0,5720.2,5530.9,5558.0,5562.05,55969.0,3137.52
2015-08-06,5570.0,5600.0,5392.1,5486.5,5460.45,31638.0,1735.64
2015-08-07,5475.0,5574.85,5440.0,5491.0,5482.65,40628.0,2239.88
2015-08-10,5530.0,5575.0,5416.4,5439.0,5438.7,42853.0,2349.62
2015-08-11,5440.0,5485.9,5403.8,5433.0,5452.3,35306.0,1923.01
2015-08-12,5500.0,5500.0,5270.0,5300.0,5311.9,44040.0,2355.86
2015-08-13,5320.0,5412.0,5311.9,5375.15,5356.0,38917.0,2089.08
2015-08-14,5398.9,5447.0,5318.8,5402.0,5411.75,65399.0,3537.98
2015-08-17,5429.9,5429.9,5270.1,5400.0,5399.95,83625.0,4500.52
2015-08-18,5400.0,5420.05,5380.25,5399.0,5397.55,36808.0,1987.64
2015-08-19,5397.55,5410.0,5360.05,5394.0,5391.0,61780.0,3333.61
2015-08-20,5385.5,5400.0,5280.05,5295.0,5307.8,53160.0,2840.86
2015-08-21,5212.0,5398.4,5207.0,5369.0,5344.35,49709.0,2640.35
2015-08-24,5055.0,5250.0,4751.25,4830.0,4870.8,144699.0,7235.41
2015-08-25,4914.55,5082.8,4859.05,4934.0,4915.55,249102.0,12248.45
2015-08-26,4949.0,5065.0,4892.0,4955.0,4967.25,110403.0,5512.93
2015-08-27,5001.5,5146.0,5001.5,5070.0,5099.95,62011.0,3156.85
2015-08-28,5105.2,5128.9,4887.0,5056.0,5052.5,206949.0,10505.87
2015-08-31,5062.35,5069.45,4999.0,5020.0,5021.2,44844.0,2253.77
2015-09-01,5021.2,5075.0,4885.0,4971.0,4935.05,64064.0,3201.41
2015-09-02,4971.0,5055.0,4968.05,5025.0,5021.95,42015.0,2111.38
2015-09-03,5070.7,5241.6,5070.7,5210.0,5202.2,141774.0,7360.12
2015-09-04,5253.8,5253.8,5012.3,5065.05,5075.6,67363.0,3421.11
2015-09-07,5162.0,5162.0,4984.75,5040.0,5039.05,52778.0,2657.59
2015-09-08,5056.0,5099.8,4955.8,5040.0,5011.6,38587.0,1932.16
2015-09-09,5099.9,5116.8,5000.0,5031.15,5049.95,55125.0,2789.88
2015-09-10,5019.9,5115.6,4938.5,5054.0,5054.7,56388.0,2849.02
2015-09-11,5132.95,5132.95,4998.6,5030.0,5036.85,20678.0,1044.04
2015-09-14,5036.0,5181.0,5036.0,5150.0,5148.85,61673.0,3161.46
2015-09-15,5175.2,5269.0,5125.0,5235.0,5246.95,69673.0,3640.36
2015-09-16,5252.35,5265.0,5150.0,5210.0,5200.1,41916.0,2177.02
2015-09-18,5220.0,5274.0,4925.0,4930.0,4965.6,344015.0,17256.99
2015-09-21,4949.0,5022.5,4870.0,4940.0,4935.9,70698.0,3499.28
2015-09-22,4963.0,4964.9,4783.5,4802.1,4821.4,125737.0,6098.33
2015-09-23,4820.7,4879.0,4677.05,4860.0,4844.9,143193.0,6854.72
2015-09-24,4845.15,4890.65,4788.05,4850.0,4868.1,28468.0,1380.83
2015-09-28,4831.1,4916.3,4810.0,4810.0,4822.75,22622.0,1099.93
2015-09-29,4760.2,5149.0,4732.15,5119.45,5110.95,104751.0,5251.29
2015-09-30,5115.0,5200.0,5022.0,5155.0,5131.25,84384.0,4303.29
2015-10-01,5140.0,5190.0,5076.6,5119.45,5107.55,51976.0,2662.92
2015-10-05,5189.5,5233.5,5110.05,5195.0,5207.55,43588.0,2264.11
2015-10-06,5225.0,5242.4,5142.75,5170.0,5165.4,74650.0,3875.38
2015-10-07,5165.0,5200.05,5087.15,5111.7,5120.1,59006.0,3034.86
2015-10-08,5120.15,5120.15,5026.6,5031.5,5041.45,40416.0,2042.46
2015-10-09,5051.3,5178.0,4940.0,4990.0,4996.35,50277.0,2518.33
2015-10-12,4996.5,5039.75,4936.5,4941.0,4963.4,49352.0,2457.58
2015-10-13,4913.0,4995.0,4913.0,4969.0,4976.65,35837.0,1781.61
2015-10-14,4976.65,4985.0,4920.0,4931.1,4939.9,20547.0,1015.77
2015-10-15,4940.0,5050.0,4922.0,4988.0,4984.35,34115.0,1710.06
2015-10-16,5000.0,5021.95,4949.0,4998.0,4980.4,23759.0,1180.22
2015-10-19,5018.95,5045.45,4976.65,5015.0,5015.45,41305.0,2070.99
2015-10-20,5069.0,5349.0,5029.0,5320.0,5310.85,377562.0,19632.09
2015-10-21,5425.0,5427.7,5246.0,5364.8,5358.05,150414.0,8031.0
2015-10-23,5375.0,5381.75,5256.55,5268.5,5273.05,47076.0,2492.13
2015-10-26,5289.0,5344.65,5260.0,5300.0,5307.9,43296.0,2296.2
2015-10-27,5300.05,5360.0,5287.7,5324.95,5320.8,26216.0,1395.53
2015-10-28,5326.0,5330.6,5182.0,5199.0,5208.25,56872.0,2976.0
2015-10-29,5249.85,5249.85,5114.55,5179.0,5162.1,107270.0,5567.47
2015-10-30,5199.0,5248.0,5188.0,5201.35,5222.35,41392.0,2161.12
2015-11-02,5233.0,5250.05,5175.1,5226.3,5223.2,24931.0,1302.47
2015-11-03,5286.0,5289.0,5216.2,5260.0,5253.4,20814.0,1091.67
2015-11-04,5258.8,5350.0,5258.8,5349.0,5344.95,40553.0,2157.59
2015-11-05,5350.0,5370.0,5276.75,5287.0,5325.65,59503.0,3183.71
2015-11-06,5331.0,5331.0,5251.65,5291.2,5297.35,40340.0,2137.22
2015-11-09,5254.5,5400.0,5200.0,5389.95,5346.15,31626.0,1687.97
2015-11-10,5346.1,5397.7,5300.0,5375.0,5342.2,34739.0,1855.87
2015-11-11,5375.0,5400.0,5320.3,5399.0,5385.35,5779.0,310.32
2015-11-13,5384.9,5384.9,5240.0,5282.2,5310.65,60874.0,3238.41
2015-11-16,5300.0,5318.0,5211.95,5268.4,5272.1,54491.0,2865.21
2015-11-17,5278.0,5315.95,5190.65,5248.8,5230.4,41552.0,2171.92
2015-11-18,5268.9,5310.0,5175.2,5250.0,5275.8,59108.0,3088.35
2015-11-19,5280.0,5425.0,5250.1,5419.5,5417.0,35073.0,1883.25
2015-11-20,5422.55,5486.95,5390.7,5457.95,5448.25,38610.0,2101.55
2015-11-23,5458.5,5500.0,5431.05,5481.0,5496.8,40359.0,2212.4
2015-11-24,5490.0,5600.0,5490.0,5552.85,5544.8,62548.0,3475.68
2015-11-26,5555.0,5645.0,5495.0,5516.0,5550.5,77985.0,4355.33
2015-11-27,5530.1,5624.4,5514.6,5600.0,5579.35,34948.0,1944.67
2015-11-30,5599.0,5599.0,5473.6,5541.0,5515.15,26454.0,1462.9
2015-12-01,5515.0,5624.9,5495.35,5596.2,5603.8,47251.0,2644.11
2015-12-02,5570.0,5629.9,5552.0,5554.95,5572.65,27364.0,1533.33
2015-12-03,5598.8,5604.7,5530.1,5540.0,5546.15,18280.0,1017.62
2015-12-04,5546.0,5585.95,5435.75,5460.0,5447.1,17003.0,938.2
2015-12-07,5452.7,5521.6,5440.1,5483.6,5476.7,19334.0,1057.75
2015-12-08,5474.0,5597.5,5380.7,5531.05,5537.2,26759.0,1483.34
2015-12-09,5539.95,5570.85,5461.2,5499.0,5504.45,71839.0,3965.5
2015-12-10,5510.1,5580.0,5489.9,5525.0,5537.75,18712.0,1037.45
2015-12-11,5537.75,5578.8,5501.15,5520.05,5524.6,28032.0,1551.99
2015-12-14,5520.0,5550.0,5419.05,5449.0,5437.95,28558.0,1564.66
2015-12-15,5475.0,5625.0,5430.1,5625.0,5605.9,32958.0,1828.47
2015-12-16,5610.05,5695.9,5587.0,5625.0,5608.25,43912.0,2479.65
2015-12-17,5630.0,5759.9,5625.0,5750.0,5736.8,91756.0,5252.28
2015-12-18,5736.0,5850.0,5736.0,5845.0,5813.8,64645.0,3755.1
2015-12-21,5750.0,5924.5,5750.0,5884.0,5869.8,37884.0,2223.46
2015-12-22,5904.9,5913.95,5845.0,5899.5,5895.45,25729.0,1512.73
2015-12-23,5900.0,5951.45,5856.65,5924.0,5911.5,28489.0,1682.99
2015-12-24,5915.0,5925.0,5851.5,5924.95,5900.9,24606.0,1449.38
2015-12-28,5915.0,5915.0,5885.0,5910.0,5906.35,9021.0,532.36
2015-12-29,5910.0,5999.0,5891.2,5990.0,5986.4,36231.0,2163.11
2015-12-30,6000.0,6021.0,5943.2,5986.0,5974.2,38293.0,2287.02
2015-12-31,5999.9,6040.0,5961.4,6012.0,6009.95,55193.0,3317.22
2016-01-01,6016.1,6118.75,6000.0,6100.0,6095.85,30394.0,1844.42
2016-01-04,6099.0,6099.0,5995.45,6050.0,6052.45,40720.0,2462.85
2016-01-05,6075.0,6098.85,5980.0,5985.0,5997.85,51120.0,3070.59
2016-01-06,5996.9,6180.0,5951.0,6147.65,6107.25,34601.0,2105.27
2016-01-07,6099.8,6189.9,6030.2,6075.35,6106.3,78229.0,4784.22
2016-01-08,6136.0,6365.2,6092.6,6310.0,6314.5,103507.0,6505.16
2016-01-11,6311.9,6389.0,6221.0,6315.8,6306.2,53240.0,3373.5
2016-01-12,6310.0,6329.0,6152.0,6229.0,6208.8,58452.0,3628.15
2016-01-13,6220.0,6295.4,6035.05,6091.0,6077.85,103594.0,6347.75
2016-01-14,6050.0,6121.3,5989.45,6075.0,6075.9,55754.0,3383.6
2016-01-15,6030.0,6145.9,5881.5,5995.0,5975.3,41527.0,2487.74
2016-01-18,5915.2,5975.0,5468.25,5488.0,5503.2,112213.0,6404.94
2016-01-19,5503.2,5710.0,5349.05,5650.0,5644.9,63701.0,3553.67
2016-01-20,5620.0,5700.0,5457.1,5690.0,5639.4,98018.0,5454.09
2016-01-21,5690.05,5825.05,5610.0,5760.0,5742.05,70958.0,4049.94
2016-01-22,5817.0,5849.0,5753.45,5824.9,5820.65,56133.0,3265.22
2016-01-25,5824.9,5950.0,5823.95,5850.0,5856.3,46814.0,2765.77
2016-01-27,5907.0,5988.9,5818.0,5987.95,5936.95,39295.0,2318.29
2016-01-28,5949.55,5979.95,5730.0,5805.0,5776.05,69519.0,4082.85
2016-01-29,5839.0,5969.95,5756.0,5930.0,5928.4,35963.0,2108.12
2016-02-01,6067.0,6067.0,5882.95,6011.0,6003.15,32927.0,1975.0
2016-02-02,6037.0,6050.1,5781.05,5805.05,5811.4,78364.0,4660.84
2016-02-03,5760.0,6489.9,5601.0,6361.0,6379.75,516829.0,31718.45
2016-02-04,6411.0,6425.65,6220.0,6400.0,6343.9,138857.0,8765.03
2016-02-05,6348.0,6750.0,6348.0,6699.0,6698.35,239566.0,15942.19
2016-02-08,6696.6,6837.95,6561.0,6605.05,6660.15,103521.0,6984.53
2016-02-09,6600.0,6665.75,6396.0,6594.95,6584.05,92118.0,6006.08
2016-02-10,6584.05,6707.55,6410.0,6509.0,6478.6,79180.0,5182.35
2016-02-11,6534.7,6535.0,6061.0,6266.05,6179.2,110694.0,6939.88
2016-02-12,6203.0,6338.0,5930.0,5977.0,5996.75,147163.0,9006.68
2016-02-15,6146.9,6300.0,6117.0,6219.0,6209.95,96537.0,6003.65
2016-02-16,6192.0,6247.9,5965.3,5995.05,6011.4,65720.0,3964.87
2016-02-17,6049.0,6165.0,5830.2,6140.0,6110.95,66717.0,3996.97
2016-02-18,6160.0,6235.0,6105.0,6165.0,6163.95,32765.0,2020.37
2016-02-19,6189.95,6215.0,6020.0,6020.0,6048.1,47203.0,2870.51
2016-02-22,6138.95,6138.95,5851.2,6010.0,6002.45,52748.0,3152.59
2016-02-23,6031.5,6044.95,5858.0,5896.0,5894.85,43557.0,2592.82
2016-02-24,5906.9,5906.9,5800.0,5815.0,5814.2,47581.0,2779.73
2016-02-25,5849.5,5855.0,5608.8,5760.0,5752.9,116987.0,6656.61
2016-02-26,5845.0,5860.0,5736.2,5789.0,5808.45,109104.0,6330.78
2016-02-29,5808.45,6070.0,5643.95,5980.0,5932.05,64047.0,3741.83
2016-03-01,5960.2,6260.0,5960.2,6209.0,6208.85,86775.0,5330.79
2016-03-02,6280.0,6509.0,6243.4,6375.9,6370.9,122201.0,7833.38
2016-03-03,6381.0,6410.0,6179.8,6221.1,6207.7,65451.0,4114.55
2016-03-04,6299.0,6387.0,6154.0,6340.0,6334.55,46275.0,2920.46
2016-03-08,6339.8,6432.7,6274.1,6275.2,6293.05,52949.0,3358.18
2016-03-09,6295.0,6475.0,6205.55,6425.0,6423.8,62859.0,4010.15
2016-03-10,6430.2,6460.0,6381.2,6400.15,6404.9,40423.0,2594.03
2016-03-11,6449.8,6449.8,6330.0,6404.9,6400.4,43139.0,2760.9
2016-03-14,6405.0,6545.0,6405.0,6545.0,6516.75,45791.0,2969.1
2016-03-15,6545.0,6595.0,6421.0,6450.0,6474.15,51958.0,3389.09
2016-03-16,6464.85,6490.0,6332.0,6488.95,6482.35,58333.0,3747.57
2016-03-17,6535.3,6650.0,6495.7,6530.3,6581.55,92792.0,6097.98
2016-03-18,6608.5,6663.1,6493.0,6610.0,6632.4,69920.0,4592.0
2016-03-21,6667.0,6715.7,6600.0,6670.0,6654.0,117159.0,7797.88
2016-03-22,6665.0,6677.9,6561.8,6625.05,6607.55,34530.0,2284.94
2016-03-23,6630.0,6899.0,6609.1,6865.0,6874.2,124594.0,8465.6
2016-03-28,6899.0,6900.0,6690.0,6696.0,6700.2,65968.0,4467.52
2016-03-29,6645.0,6748.95,6639.9,6649.95,6656.75,44194.0,2945.13
2016-03-30,6672.9,6821.85,6670.1,6805.0,6787.75,47989.0,3244.71
2016-03-31,6755.5,6990.0,6735.0,6912.0,6924.15,74559.0,5111.99
2016-04-01,6939.0,7030.95,6800.05,6900.05,6877.5,66458.0,4584.84
2016-04-04,6900.0,6962.8,6832.3,6836.2,6869.7,63385.0,4368.85
2016-04-05,6850.0,6920.0,6800.1,6845.0,6823.55,55779.0,3828.91
2016-04-06,6890.0,6995.0,6846.05,6961.35,6947.55,45505.0,3144.14
2016-04-07,6978.95,7046.5,6945.45,6990.0,6982.6,56095.0,3924.59
2016-04-08,7025.0,7175.0,6960.0,7171.0,7133.5,74673.0,5281.03
2016-04-11,7150.0,7230.0,7100.0,7220.0,7193.2,55986.0,4010.55
2016-04-12,7220.0,7373.0,7195.0,7359.95,7335.5,123347.0,9012.07
2016-04-13,7390.0,7520.0,7380.1,7400.0,7430.4,104254.0,7774.49
2016-04-18,7433.0,7531.7,7285.5,7300.05,7313.9,145581.0,10808.19
2016-04-20,7397.0,7419.3,7200.0,7220.0,7213.4,155384.0,11383.13
2016-04-21,7210.0,7220.1,6945.45,6982.5,6986.5,181018.0,12754.19
2016-04-22,6986.5,7016.4,6891.0,6969.9,6971.15,97930.0,6813.1
2016-04-25,6998.9,7019.9,6829.45,6879.95,6853.85,66056.0,4569.24
2016-04-26,6875.0,7132.05,6840.05,6979.9,7004.35,133505.0,9374.05
2016-04-27,7000.0,7041.75,6915.55,6930.0,6945.65,79964.0,5581.79
2016-04-28,6930.0,7040.0,6925.0,6965.0,6967.1,153675.0,10748.12
2016-04-29,6960.0,6983.2,6795.2,6840.0,6829.1,76972.0,5280.24
2016-05-02,6874.0,7100.0,6750.0,7086.7,7053.75,78337.0,5482.38
2016-05-03,7100.0,7125.75,6940.0,6978.95,6985.5,98939.0,6948.68
2016-05-04,6980.5,7039.7,6913.8,6949.0,6954.2,88513.0,6193.18
2016-05-05,6996.5,7184.0,6961.5,7150.0,7155.5,91504.0,6470.45
2016-05-06,7223.5,7280.0,7113.05,7270.0,7264.45,66986.0,4828.12
2016-05-09,7300.0,7450.0,7236.5,7400.0,7378.65,86062.0,6356.67
2016-05-10,7425.0,7462.0,7344.5,7415.05,7412.3,78339.0,5806.28
2016-05-11,7396.9,7496.95,7275.45,7487.0,7482.85,82105.0,6087.74
2016-05-12,7520.0,7695.0,7453.6,7665.0,7670.15,94712.0,7230.05
2016-05-13,7715.0,7810.0,7590.0,7640.0,7626.15,162531.0,12495.77
2016-05-16,7640.0,7858.05,7615.85,7749.5,7771.1,127750.0,9926.24
2016-05-17,7824.0,7824.0,7730.0,7749.0,7758.4,62290.0,4844.32
2016-05-18,7734.25,7820.0,7685.0,7750.0,7742.55,72267.0,5592.44
2016-05-19,7759.9,7820.0,7705.6,7715.5,7738.2,79093.0,6148.75
2016-05-20,7746.0,7843.2,7669.65,7796.0,7770.5,74814.0,5818.52
2016-05-23,7801.0,7835.0,7502.65,7665.0,7653.7,105532.0,8086.88
2016-05-24,7745.0,7745.0,7215.45,7592.0,7625.55,430449.0,32285.29
2016-05-25,7600.0,7600.0,7255.0,7410.0,7337.25,200686.0,14741.51
2016-05-26,7390.0,7520.0,7380.0,7497.0,7458.35,163849.0,12206.92
2016-05-27,7543.0,7739.8,7467.25,7656.6,7667.9,138549.0,10615.61
2016-05-30,7700.0,7720.0,7559.4,7630.0,7643.45,76325.0,5815.82
2016-05-31,7668.1,7750.0,7470.0,7500.0,7588.8,1545923.0,117393.89
2016-06-01,7528.0,7719.0,7480.0,7643.0,7642.4,99709.0,7596.98
2016-06-02,7661.8,8000.0,7590.0,7983.0,7964.55,158823.0,12391.63
2016-06-03,8000.0,8095.0,7882.0,7886.4,7899.55,130534.0,10456.06
2016-06-06,7949.0,7949.05,7751.0,7782.95,7774.1,83728.0,6553.78
2016-06-07,7800.0,7854.0,7650.0,7693.8,7687.25,142588.0,11046.95
2016-06-08,7738.0,7857.7,7662.65,7800.0,7747.95,99408.0,7678.57
2016-06-09,7789.8,7789.8,7690.0,7730.6,7718.95,31012.0,2398.01
2016-06-10,7746.8,7746.8,7575.0,7587.0,7595.65,68924.0,5259.9
2016-06-13,7550.0,7558.95,7450.0,7490.0,7500.6,98822.0,7410.54
2016-06-14,7501.0,7542.0,7420.0,7485.0,7491.9,74667.0,5575.92
2016-06-15,7490.0,7687.9,7489.95,7640.0,7651.2,48623.0,3688.47
2016-06-16,7625.0,7659.4,7559.45,7573.2,7596.25,58109.0,4418.78
2016-06-17,7617.45,7649.85,7475.0,7550.5,7530.15,64118.0,4834.35
2016-06-20,7530.0,7600.0,7445.0,7540.3,7539.85,54604.0,4121.11
2016-06-21,7579.8,7685.0,7525.0,7585.3,7606.05,45835.0,3492.24
2016-06-22,7560.05,7644.8,7560.05,7583.05,7599.05,30369.0,2308.49
2016-06-23,7575.0,7740.05,7575.0,7660.0,7696.9,30730.0,2353.96
2016-06-24,7594.0,7627.9,7416.4,7554.9,7588.1,75426.0,5674.0
2016-06-27,7531.5,7712.0,7531.5,7680.0,7695.6,68174.0,5205.7
2016-06-28,7764.95,7764.95,7651.0,7662.0,7696.65,61633.0,4742.96
2016-06-29,7700.0,7742.75,7671.0,7671.0,7685.8,19710.0,1518.47
2016-06-30,7714.95,8025.0,7680.05,7990.0,7996.7,134100.0,10625.62
2016-07-01,8050.0,8240.0,7995.0,8150.0,8167.2,111142.0,9056.38
2016-07-04,8175.5,8281.85,8100.0,8175.0,8204.35,42352.0,3455.19
2016-07-05,8204.35,8220.0,8111.0,8140.0,8170.0,47603.0,3883.59
2016-07-07,8141.0,8199.95,8080.45,8091.15,8095.65,44579.0,3627.1
2016-07-08,8100.0,8238.95,8068.1,8203.5,8207.8,55482.0,4531.63
2016-07-11,8299.55,8715.0,8250.05,8580.0,8567.5,262666.0,22543.08
2016-07-12,8680.0,8710.0,8570.0,8623.6,8627.15,96893.0,8367.17
2016-07-13,8639.9,8755.0,8523.55,8579.0,8575.3,118057.0,10191.58
2016-07-14,8619.85,8722.2,8575.0,8670.0,8670.15,92465.0,7998.66
2016-07-15,8699.95,8785.0,8660.05,8700.0,8700.05,71480.0,6236.35
2016-07-18,8790.0,8836.0,8750.0,8810.0,8800.7,72767.0,6404.22
2016-07-19,8809.9,8830.0,8600.0,8676.1,8643.05,85827.0,7446.54
2016-07-20,8666.0,8753.0,8587.4,8645.0,8640.1,62889.0,5437.2
2016-07-21,8729.0,8783.95,8651.7,8719.8,8707.85,236743.0,20638.29
2016-07-22,8707.0,8874.9,8683.2,8829.95,8837.8,73204.0,6449.03
2016-07-25,8882.0,9030.0,8853.5,8980.0,8983.65,229014.0,20546.95
2016-07-26,9099.9,9989.9,8900.0,9859.0,9848.35,956465.0,91118.18
2016-07-27,9900.0,9937.65,9515.4,9790.0,9793.45,384033.0,37126.36
2016-07-28,9790.0,10460.0,9677.45,10360.3,10316.8,595632.0,60307.06
2016-07-29,10389.95,10478.4,10250.0,10389.0,10372.65,282484.0,29164.4
2016-08-01,10460.0,11408.65,10429.95,11199.0,11226.25,529600.0,58986.17
2016-08-02,11300.0,11770.0,10800.0,10950.0,10944.1,409818.0,46327.2
2016-08-03,10950.0,10950.0,9940.0,9990.0,10005.6,544614.0,55973.05
2016-08-04,10125.0,10317.6,9723.45,10125.0,9969.7,380687.0,37724.63
2016-08-05,10200.0,10262.2,9815.15,10130.0,10094.7,268126.0,26864.27
2016-08-08,10267.0,10281.35,9973.0,10007.0,10034.35,165696.0,16704.77
2016-08-09,10100.0,10260.0,9910.0,10185.0,10179.8,144047.0,14591.32
2016-08-10,10150.0,10270.0,9900.0,9920.0,9998.3,114472.0,11515.82
2016-08-11,10049.9,10075.5,9849.0,10010.0,10007.3,89010.0,8877.28
2016-08-12,10021.0,10199.0,9981.6,10110.0,10154.4,79754.0,8079.58
2016-08-16,10160.1,10325.0,10020.45,10188.0,10203.6,90636.0,9252.24
2016-08-17,10200.0,10250.0,10134.25,10175.0,10208.8,39552.0,4035.72
2016-08-18,10234.35,10293.45,10069.0,10135.0,10134.55,61883.0,6307.66
2016-08-19,10200.0,10240.0,10125.1,10150.0,10183.1,40676.0,4141.64
2016-08-22,10167.9,10232.0,10121.1,10155.0,10166.15,49427.0,5032.81
2016-08-23,10239.5,10239.5,9915.0,10050.0,10040.65,66954.0,6709.59
2016-08-24,10129.0,10149.0,10026.5,10035.0,10053.6,43754.0,4405.43
2016-08-25,10060.0,10342.0,10026.05,10300.0,10289.65,125453.0,12809.51
2016-08-26,10355.55,10620.0,10347.45,10508.0,10480.9,91624.0,9638.13
2016-08-29,10578.0,10807.65,10418.15,10740.2,10743.6,106460.0,11351.91
2016-08-30,10872.0,10940.0,10705.55,10740.0,10777.4,139423.0,15086.16
2016-08-31,11000.0,11162.95,10811.05,11050.0,11011.1,191009.0,20952.69
2016-09-01,11030.5,11260.0,11000.0,11170.0,11160.85,129191.0,14395.16
2016-09-02,11229.0,11280.0,11079.0,11147.0,11139.8,100160.0,11199.19
2016-09-06,11201.0,11299.0,11176.1,11260.0,11265.85,75534.0,8492.48
2016-09-07,11295.0,11740.0,11294.0,11386.7,11393.3,251934.0,28949.06
2016-09-08,1153.9,1173.6,1080.0,1162.85,1162.8,1604933.0,18314.07
2016-09-09,1171.0,1183.9,1144.55,1151.0,1153.55,758416.0,8803.79
2016-09-12,1124.8,1133.85,1050.0,1093.0,1094.4,1034612.0,11413.43
2016-09-14,1103.0,1108.0,1068.0,1103.0,1101.05,1049761.0,11397.79
2016-09-15,1108.9,1113.0,1085.0,1096.0,1099.0,661551.0,7255.84
2016-09-16,1109.0,1117.1,1080.7,1085.1,1087.85,803966.0,8837.78
2016-09-19,1096.5,1096.5,1072.2,1081.0,1075.9,824883.0,8915.32
2016-09-20,1050.05,1088.95,1050.05,1075.0,1075.05,597126.0,6432.49
2016-09-21,1084.9,1084.9,1066.05,1074.0,1070.25,722885.0,7764.53
2016-09-22,1083.25,1132.2,1070.75,1131.0,1127.95,1363628.0,15110.08
2016-09-23,1138.4,1144.5,1118.3,1125.5,1126.5,1160432.0,13148.77
2016-09-26,1118.0,1139.85,1115.55,1119.0,1122.8,648551.0,7314.28
2016-09-27,1130.0,1130.0,1091.85,1101.8,1098.6,905372.0,10070.57
2016-09-28,1105.0,1113.9,1092.05,1104.7,1106.1,875357.0,9675.74
2016-09-29,1120.0,1123.0,1011.2,1041.9,1037.15,1550065.0,16526.13
2016-09-30,1039.95,1066.05,1020.55,1065.1,1055.9,1151711.0,11989.44
2016-10-03,1069.0,1090.0,1068.3,1086.1,1086.7,881426.0,9543.66
2016-10-04,1092.0,1096.35,1072.0,1082.2,1083.75,490022.0,5314.04
2016-10-05,1090.0,1093.85,1068.3,1074.0,1074.25,729161.0,7845.46
2016-10-06,1076.05,1105.0,1066.0,1080.7,1077.25,1182671.0,12868.46
2016-10-07,1086.7,1090.0,1076.0,1081.0,1082.5,606885.0,6567.5
2016-10-10,1085.15,1092.65,1072.5,1075.0,1073.95,382402.0,4123.66
2016-10-13,1085.0,1085.0,1040.2,1054.9,1053.95,969024.0,10224.57
2016-10-14,1061.8,1069.8,1040.1,1065.0,1061.3,819460.0,8636.01
2016-10-17,1064.7,1085.0,1051.05,1080.1,1078.85,920879.0,9810.93
2016-10-18,1089.0,1121.0,1085.1,1116.5,1117.35,1356207.0,14999.49
2016-10-19,1123.3,1129.95,1111.25,1116.75,1118.85,648141.0,7263.63
2016-10-20,1123.5,1135.0,1117.6,1123.0,1121.4,535999.0,6042.05
2016-10-21,1126.0,1139.0,1115.3,1132.0,1134.3,466028.0,5256.2
2016-10-24,1136.5,1142.15,1125.2,1126.6,1128.95,399832.0,4523.07
2016-10-25,1128.0,1145.0,1115.1,1144.0,1141.7,417201.0,4712.32
2016-10-26,1140.0,1163.3,1125.05,1147.0,1148.4,971690.0,11167.93
2016-10-27,1150.95,1162.0,1098.0,1103.0,1104.8,2014635.0,22689.25
2016-10-28,1105.1,1107.0,1052.7,1070.5,1072.55,1452433.0,15669.59
2016-10-30,1082.8,1083.3,1075.0,1080.4,1080.4,92004.0,993.35
2016-11-01,1087.0,1089.95,1056.3,1061.35,1060.8,903775.0,9711.2
2016-11-02,1048.0,1050.0,1015.6,1018.5,1019.85,1329886.0,13698.23
2016-11-03,1029.8,1046.15,1015.0,1029.85,1030.85,968028.0,10025.16
2016-11-04,1035.0,1036.2,970.1,990.0,993.15,1666744.0,16560.21
2016-11-07,1009.8,1028.4,985.2,988.65,990.4,1063258.0,10752.16
2016-11-08,996.7,1001.9,972.0,982.25,983.7,960336.0,9439.11
2016-11-09,920.0,934.5,836.15,932.0,929.15,3384855.0,30362.84
2016-11-10,950.0,979.3,923.9,930.0,929.2,1753921.0,16635.39
2016-11-11,920.0,920.0,850.0,865.0,858.1,2780607.0,24235.38
2016-11-15,868.6,868.6,762.3,812.25,815.05,4368353.0,34978.25
2016-11-16,827.0,942.7,803.55,894.55,899.8,7757348.0,69437.04
2016-11-17,903.5,903.5,860.0,877.0,871.15,1929384.0,16871.33
2016-11-18,872.0,901.45,865.0,878.0,878.4,1647276.0,14510.5
2016-11-21,891.45,891.45,815.5,834.0,832.2,2076791.0,17359.63
2016-11-22,850.05,863.0,830.25,861.85,858.0,1434086.0,12163.26
2016-11-23,871.0,871.45,844.5,850.0,850.25,1161595.0,9903.33
2016-11-24,847.5,850.85,816.15,821.1,820.7,1613090.0,13402.58
2016-11-25,831.0,884.0,823.25,873.8,877.9,1623036.0,13878.33
2016-11-28,876.2,899.0,857.8,884.0,879.25,1818863.0,16062.26
2016-11-29,884.5,926.3,883.9,909.5,907.25,2546446.0,23257.98
2016-11-30,910.0,927.85,909.05,918.7,919.8,1775315.0,16325.82
2016-12-01,926.0,929.9,910.0,913.1,914.2,997475.0,9150.46
2016-12-02,904.0,910.0,880.0,887.0,886.5,1818221.0,16167.47
2016-12-05,887.0,907.8,885.0,904.0,902.25,797813.0,7162.43
2016-12-06,903.3,923.9,893.3,899.75,898.05,878434.0,7996.1
2016-12-07,906.7,910.75,875.65,900.6,891.05,888028.0,7977.02
2016-12-08,908.0,915.9,904.1,910.3,911.55,1001920.0,9119.41
2016-12-09,913.8,917.7,891.55,897.5,896.35,651767.0,5873.67
2016-12-12,896.75,896.75,834.0,843.45,843.6,2395425.0,20492.99
2016-12-13,820.0,843.4,805.0,839.95,836.75,2913971.0,24185.47
2016-12-14,839.7,857.85,832.8,847.0,848.75,1423592.0,12088.53
2016-12-15,835.1,866.9,831.05,856.2,853.8,833495.0,7127.0
2016-12-16,860.9,863.0,848.0,848.95,850.8,626459.0,5358.03
2016-12-19,853.2,853.2,818.9,825.0,822.9,808312.0,6728.37
2016-12-20,825.0,829.5,786.3,804.2,805.8,2029604.0,16395.43
2016-12-21,811.0,814.8,783.05,784.8,788.6,1608265.0,12807.0
2016-12-22,784.8,784.8,760.5,766.55,765.4,1836222.0,14106.75
2016-12-23,776.7,827.9,761.3,815.0,808.95,3365297.0,26709.99
2016-12-26,810.0,821.3,782.05,806.7,810.0,2133916.0,17245.59
2016-12-27,811.0,827.9,799.35,807.25,809.75,3505564.0,28589.64
2016-12-28,816.35,840.9,811.0,820.35,820.2,2124609.0,17520.99
2016-12-29,820.0,839.75,816.25,835.0,833.35,1594084.0,13264.98
2016-12-30,840.0,854.7,833.0,843.6,842.2,842564.0,7132.41
